Data;CMIG4,SA;ABEV3,SA;PETR4,SA;USIM5,SA;BBAS3,SA;VALE3,SA;ITUB4,SA;CSMG3,SA;SBSP3,SA;LREN3,SA;CSNA3;BRFS3,SA;OIBR3,SA;B3SA3,SA;BRKM5,SA;RADL3,SA;VLID3,SA;JBSS3,SA;GGBR4,SA;EMBR3,SA;WEGE3,SA;ELET3,SA
01/01/2009;0;-0,035235433;0,075633906;0,063767048;-0,032697548;0,160299893;-0,122478012;0,024063927;-0,090579348;0;0,180536913;0,062769844;-0,017302658;0;0,012411348;-0,1999997;-0,092850891;-0,00621118;-0,015072084;-0,045054945;-0,066505792;0,006154157
01/02/2009;0;0,043352952;0,054734277;-0,101524602;-0,024647887;-0,050153815;-0,055318948;0,085639758;-0,042231856;0;-0,108868675;-0,0746875;-0,002484941;0;-0,057793345;0,142500089;0,105424813;-0,039583333;-0,157684631;-0,241657077;0,006864438;0,00152625
01/03/2009;0;0,104895063;0,081439356;0,085615118;0,218050614;0,004211176;0,155409788;-0,065898136;0,073211761;0;0,09728874;-0,029044242;0,090519559;0;-0,105947955;0,148797127;-0,055555805;0,138828633;0,018957346;0,179059181;-0,004261744;-0,010686606
01/04/2009;0;0,066378269;0,034676078;0,131438721;0,094250024;0,163871032;0,185179604;0,229145631;0,207360465;0;0,170639467;0,12173913;-0,008508546;0;0,282744283;0,28;0,19607343;0,173333333;0,217054264;0,138996139;0,201199785;0,111112479
01/05/2009;0;0,09236057;0,166215296;0,240188383;0,146262251;0,053769343;0,049340432;0,089233721;-0,011229571;0;0,204370499;0,215503876;-0,045835086;0;0,160453809;0,168158482;0,18853272;0,092532468;0,312738917;0,096045198;0,138987061;-0,068056021
01/06/2009;0;-0,020351227;-0,058055151;0,053417722;0,00094518;-0,092582851;-0,025074026;-0,017307528;-0,057470268;0;-0,100618598;-0,043367347;-0,038164507;0;0,002793296;0,193623587;0,031034339;0,044576523;-0,005337263;-0,159793814;-0,136420457;0,067437139
01/07/2009;0;0,01510901;-0,030200369;0,064167219;0,116147262;0,073913014;0,080380307;-0,011742365;0,081642755;0;0,101788267;0,104000053;-0,015280059;0;0,157381616;0,067236039;0,053506969;0,054054054;0,069756098;0,119018405;0,094204034;0,001746336
01/08/2009;0;0,123906332;-0,002859867;0,000451716;0,106599032;-0,009986478;0,046963749;0,192476174;0,105095207;0;0,019974989;0,014492705;0,007179524;0;0,258724428;0,050002625;-0,031744325;0,055330634;0,005927907;0,109649123;0,033110537;-0,040072071
01/09/2009;0;0,04701308;0,115360138;0,054401806;0,193807339;0,122955262;0,116324836;0,007306426;-0,017291016;0;0,109343166;0,123809524;0,021153557;0;0,076481836;0,071428571;0,127212714;0,179028133;0,076609296;0,01284585;0,082051749;0,001816065
01/10/2009;0;0,06007918;0,001142886;-0,015200171;-0,096701921;0,087642634;-0,061621404;0,036926734;-0,017595256;0;0,072085286;-0,095338983;-0,015986823;0;0,039076377;0,144446667;0,02385511;0,059652928;0,107368379;-0,127804878;0,030806475;-0,097463883
01/11/2009;0;0,066293517;0,107305876;0,113043478;0,095356295;0,094196453;0,132830667;-0,04292488;-0,056722219;0;0,003430532;-0,039578501;-0,012585583;0;-0,015384615;-0,050487281;-0,023299302;-0,017400205;0,03041829;-0,022371365;0,022987881;0,164192822
01/12/2009;0;0,0490234;-0,054381445;-0,035351563;-0,063106764;0,013055896;0,019502206;0,09634841;0,087978127;0;-0,055897436;0,079980545;0,009038317;0;0,222222222;0,116564417;0,093660693;-0,011458333;0,075276716;0,076659039;0,03089853;0,257586075
01/01/2010;0;0;-0,068683594;0,004251832;-0,029361001;-0,015102698;-0,066168343;-0,227275164;-0,088132635;0;-0,004164403;0,019417521;-0,045017884;0;-0,058238636;-0,010989011;0,013297119;-0,015806112;-0,130404912;0,061636557;-0,016347424;0,097888362
01/02/2010;0;-0,005799839;0,012876881;0,034677461;0,059430605;0,031486424;0,010242288;-0,0078428;-0,031894737;0;0,075454582;-0,023255902;-0,052427517;0;-0,036199095;0,029627778;-0,070865992;-0,027837259;0,043804301;-0,018018018;-0,021607643;-0,415585342
01/03/2010;0;-0,07443136;0,022536781;0,187061535;0,002687269;0,132804774;0,068495724;0,015809591;0,051726353;0;0,206086113;0,086167895;-0,022588426;0;0,024256651;0,028419116;-0,051414743;-0,124449339;0,092627558;0,072375127;0,075877776;0,119657206
01/04/2010;0;0,065854822;-0,073184517;-0,078955978;0,004690117;-0,070866209;-0,03333628;-0,018286801;0,045742481;0;-0,095037824;-0,052192065;-0,117112214;0;-0,039724981;0,047570829;-0,008338138;0,027672956;-0,0155709;-0,030418251;-0,065789052;-0,057248381
01/05/2010;0;0,001223164;-0,097560948;-0,181963964;-0,133711237;-0,058380379;-0,079574105;-0,044788766;0,04853191;0;-0,135687706;0,026431629;0,026175981;0;-0,141607001;-0,01335724;-0,099096677;-0,112607099;-0,121265409;-0,044117647;-0,042252851;-0,082998764
01/06/2010;0;0,059063206;-0,092567534;0,048148102;-0,051193226;-0,12699996;-0,063403458;0,037344057;0,07142551;0;-0,057347706;0,017167469;0,034679065;0;0,161260426;0,16751269;-0,00667113;0,053793103;-0,0564;-0,048205128;-0,017647562;0,053422164
01/07/2010;0;0,046346863;0,036857742;0,028476408;0,238945274;0,112256513;0,218155771;0,012000708;-0,062136;0;0,111787115;0,042615948;0,050416017;0;0,054269753;0,060869565;0,033563424;0,12565445;0,076727427;0,238146552;0,092215276;-0,044426271
01/08/2010;0;0,023096101;-0,064272926;-0,110145554;-0,067452552;-0,034397488;-0,044705164;-0,02213415;-0,050037106;0;-0,08002736;-0,046944559;0,063028264;0;0,171839516;0,010655738;0,135708281;-0,13372093;-0,080314921;-0,060052219;-0,067981729;-0,062717525
01/09/2010;0;0,035928009;0,047198851;0,031115241;0,128160147;0,115614289;0,070065211;0,048907872;0,134384512;0;0,090334572;0,093418305;0,029519489;0;0,109819121;0,167883212;0,034881871;-0,018791946;-0,028253423;0,093518519;0,088233832;0,008892286
01/10/2010;0;0,116936044;-0,052766616;-0,06475775;0,030189759;0,024856578;0,025450816;0,005780686;0,006601601;0;-0,036822366;-0,041553398;-0,023855503;0;0,015133935;-0,003934028;0,063534933;-0,105335157;-0,030837047;0,025402202;0,187568171;0,08533988
01/11/2010;0;0,02986194;-0,048742747;-0,119170937;-0,006042176;-0,000746213;-0,054215815;0,049808613;-0,004199203;0;-0,075752177;0,033225284;-0,009873172;0;0,043004585;-0,024401552;0,023376558;0,001529052;-0,113636364;0,023121387;0,027309231;-0,038889383
01/12/2010;0;0,090451863;0,109800773;0,024598876;-0,04498486;0,033047068;0,013758743;0,047445422;0,121090079;0;0,021447682;0,072156863;0,047869243;0;0,119846063;-0,035256032;0,027915976;0,094656489;0,162564103;-0,047619048;-0,03411601;-0,011114577
01/01/2011;0;-0,125114904;-0,007328728;0,014091858;-0,052832591;0,03162841;-0,105557321;-0,047038935;-0,042030895;0;0,03862021;0,000365764;-0,037356165;0;0,029454981;-0,111111111;0,028149742;-0,121338912;-0,058226731;0,145762712;-0,088990186;0,00748703
01/02/2011;0;-0,013695885;0,055001846;-0,022130726;-0,000336022;-0,013665084;0,039622042;0,060329265;-0,000735294;0;-0,037906172;0,056672761;0,008403305;0;-0,032904055;0,058333333;-0,058593795;-0,00952381;0,029976581;0,036242604;0,009566455;0,04910792
01/03/2011;0;0,036048439;-0,007347761;0,077368368;-0,006722723;-0,052397887;0,051348196;-0,056206892;0,117240618;0;0,001125704;0,066782007;-0,068626427;0;0,067061042;0,004724409;0,00408065;-0,056089744;-0,077762574;-0,03640257;0,044887432;0,049784855
01/04/2011;0;0,087113129;-0,097638382;-0,211040509;-0,018950897;-0,029240807;-0,046271569;0,048593818;0,000441274;0;-0,083208433;0,02270519;0,091315354;0;0,058225557;-0,114420063;0,092477482;-0,088285229;-0,068047383;-0,084444444;-0,059665517;-0,071746062
01/05/2011;-0,048739496;-0,02471121;-0,058984375;-0,061919505;-0,032425009;-0,029735489;-0,03396041;0,101046207;0,059690652;0;-0,098936962;-0,071360607;0,089704158;-0,048739496;0,078602664;-0,008849558;0,023254561;0,054003724;-0,084127037;0,012135922;-0,086294695;-0,021833622
01/06/2011;-0,08745583;0,045719862;-0,015359112;-0,095709571;-0,001782496;-0,015124338;0,017016453;-0,009496145;-0,037486004;0;-0,129310339;-0,094945386;0,004646936;-0,08745583;-0,097570846;-0,049107143;0,04800399;-0,049469965;-0,058347779;-0,048760991;-0,011110819;-0,067409553
01/07/2011;-0,124878993;-0,120930178;-0,009274832;-0,197080292;-0,060714321;0,012931885;-0,135800014;0,044730458;-0,006021958;0;-0,134966173;0,10566034;0,070485003;-0,124878993;-0,178555488;0,145539906;-0,10305648;-0,148698885;-0,150306696;-0,059663866;-0,050561403;-0,111540463
01/08/2011;0,032079646;0,203704415;-0,11489366;0,090909091;0,015969582;-0,106323597;-0,084129872;-0,042815309;-0,004331169;0;-0,048192771;0,062798637;0,032099077;0,032079646;0,032222885;0,024590164;-0,015955918;-0,06768559;-0,018050542;-0,0974084;0,018344;-0,12176533
01/09/2011;-0,057877814;0,010768982;-0,081730725;-0,123333333;-0,070359247;-0,047991006;0,006934823;-0,049519179;-0,049995761;0;-0,065822785;0,033397593;-0,007177415;-0,057877814;-0,228571429;-0,1;0,035134618;-0,149882904;-0,018382353;0,163366337;0,086575853;-0,006137304
01/10/2011;0,19112628;0,008045354;0,129842932;0,121673004;0,042673108;0,024853387;0,126673571;0,040331302;0,048281354;0;0,111111111;0,110938471;-0,012048163;0,19112628;0,049382716;-0,04;0,056918508;0,512396694;0,176029963;0,008510638;0,031016495;0,061115983
01/11/2011;-0,05635148;0,069887616;0,021779379;-0,122033898;-0,065637027;-0,047128736;-0,0253568;0,042654869;0,09124427;0;-0,100609756;-0,012587441;-0,008131474;-0,05635148;-0,085620915;0,166666667;0,029641304;0,083788707;-0,140127389;-0,04556962;-0,071576083;-0,036069485
01/12/2011;-0,008097166;0,100801562;-0,025396781;-0,02027027;-0,020661156;-0,05282115;0,06551971;0,035012947;0,040808243;0;0,01559322;0,031728018;0,063524852;-0,008097166;-0,085060758;0,029365079;0,046069178;0,021848739;0,074074074;0,039787798;0,049161043;0,076643504
01/01/2012;0,121428571;-0,047615557;0,143322476;0,154679803;0,147257378;0,133079845;0,033242662;0,158386823;0,121280206;0;0,218291055;-0,049972545;-0,062619087;0,121428571;0,221875;0,117964534;-0,013300855;0,050986842;0,148275862;0,025510204;0,037273609;0,006168214
01/02/2012;0,045495905;0,117696867;-0,010582051;-0,005972696;0,016917947;-0,025727114;0,047837552;0,126909435;0,111587062;0;-0,040547945;0,037572372;0,056525024;0,045495905;-0,003836317;0,153103448;0,185490933;0,142410016;0,078078138;0,061359867;-0,019506152;0,040667219
01/03/2012;-0,02175805;0,083445248;-0,039489882;0,030901288;-0,061482785;-0,014925305;-0,050815741;-0,023627169;0,074169511;0;-0,016562022;0,002785459;0,099026731;-0,02175805;-0,072528883;0,061602871;0,076861975;0,02739726;-0,02729816;0,14375;0,036649094;-0,082440332
01/04/2012;-0,046263345;0,071138551;-0,088222655;-0,090757702;-0,091329515;-0,0069931;-0,14113712;0,044629745;0,074362622;0;-0,050522593;-0,0319445;-0,036997396;-0,046263345;-0,07266436;0,157183099;0,083761957;0;0,026345992;0,122950888;0,017171419;-0,049009195
01/05/2012;-0,109141791;-0,071502752;-0,101456172;-0,221611722;-0,151823579;-0,117605592;-0,023337701;-0,033053771;-0,051177072;0;-0,205504587;-0,099282617;-0,117646104;-0,109141791;-0,160447761;-0,092015579;-0,070901067;-0,273333333;-0,114955357;-0,127129007;0,032771231;-0,185886656
01/06/2012;0,073298429;0,009107832;-0,046000996;-0,256470588;-0,02349995;0,067571189;-0,034471386;0,011630958;0,084355725;-0,050707481;-0,123941493;-0,03185728;0,041250083;0,073298429;0,189333333;0,085790885;0,084988264;0,106422018;0,116015195;-0,068989547;-0,062981711;0,073848473
01/07/2012;0,12195122;0,018051256;0,068493151;0,167721519;0,11623133;-0,074258633;0,147761148;0,164137041;0,136102421;0,087314326;-0,074692443;-0,034550807;-0,039015997;0,12195122;-0,073991031;0,155555556;0,066667439;-0,111111111;0,051977398;-0,016467066;-0,050282071;-0,007020204
01/08/2012;-0,070434783;-0,008243446;0,064615385;0,104336043;0,063302801;-0,0907134;-0,023713223;-0,042853013;-0,015775;0,092216089;-0,056030389;0,111451977;-0,091609725;-0,070434783;0,033091203;-0,076923077;0,093750932;0,089552239;-0,036519869;0,065449011;0,085898768;-0,079853796
01/09/2012;0,145930776;-0,00015683;0,077553035;0,241717791;0,069887791;0,080225076;-0,035650945;-0,048898956;-0,036121985;0,014636748;0,14889336;0,073596962;0,015126462;0,145930776;0,11484375;0,078240741;0,084285129;0,150684932;0,074693418;-0,027857143;0,175124522;-0,070664075
01/10/2012;0,06122449;0,071203934;-0,070183367;-0,030632411;-0,126209642;0,026308549;-0,029109614;0,039915855;0,036029686;0,107519313;-0,016637478;0,055412828;0,016032472;0,06122449;-0,059565522;-0,04036067;0,007376841;-0,022321429;-0,079356894;0,043350478;-0,012276479;-0,078509185
01/11/2012;-0,012307692;0,137627575;-0,102884572;0,27420999;0,011075219;0,00400526;0,082207391;-0,061328736;0,006046755;0,039228306;-0,065894924;0,050067604;0,031109431;-0,012307692;0,026825633;-0,060402685;0,02014119;-0,176560122;-0,001690197;-0,076760563;0,168023447;-0,313903892
01/12/2012;0,090342679;0,077221593;0,046087889;0,024;0,168416248;0,124468118;0,038918061;-0,027778343;0,004279739;0,020468515;0,130600572;0,087371136;0,056035083;0,090342679;-0,071117562;0,098571429;0,166667259;0,109057301;0,011851073;0,102212052;-0,009174995;-0,172547989
01/01/2013;-0,004285714;0,075628947;-0,073770492;-0,1921875;-0,046875;-0,047776751;0,02876642;0,107659171;0,032576262;-0,00050069;-0,093591906;0,036738636;0,026327602;-0,004285714;0,17265625;-0,035543997;-0,067032412;0,271666667;-0,025655382;0,138408374;-0,064444127;0,124800872
01/02/2013;-0,038020086;-0,030426234;-0,081305254;-0,052224371;0,079508197;-0,06110281;0,02096994;0,058606669;0,069899666;-0,054572227;-0,069767442;-0,018061293;0,03678664;-0,038020086;-0,028647568;0,025617978;-0,017667378;-0,100917431;-0,058385693;0,016413251;0,04869423;-0,023875661
01/03/2013;0,01715138;-0,061518984;0,108970433;0,097959184;0,02126044;-0,07063487;0,011416192;-0,038009806;-0,020006252;0,006366308;-0,087;0,035855669;0,024356007;0,01715138;-0,056927298;-0,055652936;-0,064749678;-0,008746356;-0,065653552;0,061602934;-0,016988037;0,005754704
01/04/2013;0,015395894;-0,001464978;0,090662324;-0,084572491;-0,06133829;-0,023911186;-0,050495856;-0,054713087;-0,100478437;0,010027522;-0,133625411;0,104742634;-0,004868032;0,015395894;0,270545382;0,007424594;-0,038460508;-0,061764706;0,016265452;-0,009577465;0,006528957;-0,221745328
01/05/2013;0,011552347;0,003056576;-0,00149333;-0,096446701;0,005940594;-0,111985998;0,058172547;-0,046086866;-0,04680858;-0,027422361;-0,164348925;0,015666246;-0,010158546;0,011552347;-0,043503151;0,058498388;-0,026666911;0,112852665;-0,16453265;0,111490387;0,08012184;0,040441859
01/06/2013;-0,120628123;0,010116585;-0,193918205;-0,159550562;-0,131496102;-0,050574744;-0,112107181;-0,191013007;-0,15736604;-0,142277083;-0,098335855;-0,029046415;-0,043719351;-0,120628123;-0,01316571;-0,064403829;-0,105753753;-0,087323944;-0,037547893;0,04503577;-0,005652038;-0,18197902
01/07/2013;-0,001623377;0,037521556;0,007421212;0,164438503;0,027651905;0,072985126;0,012867877;0,00527747;0,033112583;-0,054774664;0,102348993;0,002682009;-0,039752054;-0,001623377;0,066100667;-0,102325581;0,05882508;-0,016975309;0,161624204;-0,049951028;-0,005328755;-0,010798921
01/08/2013;-0,046341463;-0,028953735;0,042971084;0,192881745;0,016762197;0,107027724;-0,003777724;-0,205580929;-0,162820513;-0,049834376;0,293759513;0,134567927;-0,038502695;-0,046341463;0,003412912;-0,125388601;-0,151042994;0,155416013;0,175462646;0,01443299;0;0,087336674
01/09/2013;0,05541347;0,014127077;0,080635727;0,012512031;0,121475103;0,003494438;0,083769201;0,217392042;0,104645176;0,10698454;0,112941176;-0,020674629;0,054035967;0,05541347;0,006235885;0,085900474;0,015678915;0,05298913;-0,032069971;-0,094512195;-0,035714544;0,255018471
01/10/2013;0,019386107;-0,014520856;0,10511982;0,129277567;0,150870406;0,037434737;0,099869123;0,0337109;0,097042565;0,062490477;0,294926004;-0,025925963;0,007965772;0,019386107;0,119999944;-0,105291871;0,159732604;0,036129032;0,068072289;-0,082491582;0,077778863;0,136000589
01/11/2013;-0,065768621;0,052125718;-0,057663871;0,047979798;-0,135462218;0,003356615;-0,047424124;0,056111397;0,026116302;-0,074070091;-0,027755102;-0,02832694;-0,089968948;-0,065768621;0,046277668;0,030487805;0,059026329;0,04607721;0,015228426;0,109480061;0,082474299;-0,166197004
01/12/2013;-0,061916879;-0,013668672;-0,106694607;0,141365462;-0,051321892;-0,004460552;-0,026413763;-0,026433406;0,086206811;-0,02400635;0,207388749;-0,044609645;-0,017368242;-0,061916879;0,009615433;-0,125443787;-0,120218734;0,044047619;0,018888889;0,041345096;-0,010794536;-0,008445778
01/01/2014;-0,132911392;-0,071016957;-0,139344262;-0,162561576;-0,1438525;-0,074488941;-0,056439974;-0,154028397;-0,158730127;-0,091307798;-0,221835883;-0,114478799;0,039429564;-0,132911392;-0,115238095;-0,01691475;-0,065217731;-0,036488027;-0,064885496;-0,026469033;-0,120666932;-0,110732016
01/02/2014;0,050052138;0,049097309;-0,075510204;-0,178991597;-0,009095166;-0,001512829;0,03139907;0,058142352;-0,034141959;0,040952938;-0,112600536;-0,007400647;-0,063004396;0,050052138;-0,130785791;0,137646249;-0,019931624;-0,112426036;-0,158017493;0,139206207;0,11642248;-0,042146255
01/03/2014;0,117179742;0,004147253;0,161147903;0,047082907;0,101449174;-0,047878788;0,085546685;0,090993177;-0,018604651;0,11300079;-0,009063444;0,05545203;0,117497034;0,117179742;0,10154805;0,18753781;0,186440559;0,034666667;0,005540166;-0,033890261;0,036287235;0,3199996
01/04/2014;0,013333333;-0,037077246;0,049429594;-0,144672532;0,025877194;-0,059516264;0,085299092;-0,042113304;-0,002369716;0,021488662;-0,130081301;0,11258285;-0,02477689;0,013333333;-0,14446323;-0,032093734;-0,010000535;-0,006443299;-0,078512397;-0,047430781;0,10356446;0,177273478
01/05/2014;-0,036842105;-0,028186275;0,007850363;-0,099428571;-0,021376658;-0,036886634;-0,053574919;0,110924164;0,036104515;0,037342064;0,003504673;-0,043650812;-0,044619581;-0,036842105;-0,041392904;0;0,03809527;-0,027237354;-0,003736921;0,058091231;-0,033449275;-0,144144817
01/06/2014;0,055555556;-0,00630517;0,035949668;-0,038071066;0,085626959;0,027406923;0,009913657;0,047589373;0,079779921;0,040416433;0,094295693;0,099170102;0,005587561;0,055555556;-0,034270048;-0,04;0,06422012;0,013333333;-0,029257314;-0,010294069;0,087666687;-0,039097581
01/07/2014;0,044866264;-0,00571066;0,104684725;0,062005277;0,115492918;0,11320106;0,097964643;-0,082715259;-0,146921408;-0,032488784;0,218085106;0,047565119;0,007998142;0,044866264;-0,004258339;0,04002193;-0,028212644;0,098684211;0,031684699;0,067359977;-0,038535769;-0,02190974
01/08/2014;0,114781173;0,04467141;0,223036702;0,004968944;0,269841352;-0,102918529;0,154502729;0,082104745;0,068690841;0,121167961;-0,140611354;0,083063081;0,055997766;0,114781173;0,096222381;0,153927254;0,01747287;0,210778443;-0,026966292;0,010208864;0,027577307;0,307201782
01/09/2014;-0,171111111;-0,020158826;-0,225599348;-0,212608158;-0,281250049;-0,080479484;-0,164197283;-0,228861647;-0,078714396;-0,074474957;-0,115853659;-0,031109615;0,006261962;-0,171111111;0,05331606;-0,043398812;0,011889268;-0,09495549;-0,093148576;0,109324759;0,022186047;-0,197062533
01/10/2014;-0,025915996;0,022443827;-0,155334439;-0,105180534;0,096047474;-0,068901304;0,085082596;-0,089673694;-0,019716986;0,043893844;-0,051724138;0,107314488;0,045022331;-0,025915996;0,119135672;0,074021012;0,038640769;0,207650273;-0,058573854;-0,006625259;0,023096874;-0,051829124
01/11/2014;-0,033944954;0,02195122;-0,159685864;-0,078947368;0,071042229;-0,06839996;0,053634697;-0,135364728;-0,005157195;0,030323291;-0,266666667;0,026670818;0,039309186;-0,033944954;0,063982464;0,08626056;0,004274961;0,077828054;-0,017132552;-0,014589454;0,042420145;-0,033762006
01/12/2014;-0,065527066;-0,0280429;-0,218847352;-0,038095238;-0,199663327;-0,059252939;-0,105940729;0,031966815;-0,118196002;0,00026115;-0,066115702;-0,041836581;-0,102770915;-0,065527066;-0,092794241;0,037658616;0,058821722;-0,063811923;-0,121100917;0,033841034;0,000989829;-0,034941708
01/01/2015;-0,06504065;0,085942291;-0,172482552;-0,336633663;-0,13083719;-0,150616111;-0,049136093;-0,332009185;-0,218106996;-0,078071473;-0,256637168;0,014817119;0,061741011;-0,06504065;-0,288571429;0,019723866;-0,075647743;0,017040359;-0,032359081;-0,028641611;0,051803799;-0,115517955
01/02/2015;0,095652174;0,035047935;0,15060241;0,232835821;0,148112246;0,141859154;0,109424336;0,19619365;0,273684286;0,192767466;0,230952381;0,000776685;0,060759529;0,095652174;0,02811245;0,102514507;0,051148525;0,093474427;0,093851133;0,048862679;-0,046764193;0,042885697
01/03/2015;0,103174603;0,009284599;0,011518325;0,203389831;-0,034148357;-0,155764659;-0,032605393;-0,087972499;0,045454425;0,079558536;0,048355899;-0,017538429;-0,064651754;0,103174603;-0,140625;0,004912281;0,082724787;0,144354839;-0,003944773;-0,014056265;0,039901373;0,076634686
01/04/2015;0,118705036;0,025432955;0,351966874;0,201207243;0,161938062;0,262541736;0,091192269;-0,013077468;0,005081875;0,157187604;0,481549815;0,017377615;0,041295328;0,118705036;0,145454545;0,19099162;0,052809999;0,092318534;-0,007920792;-0,042769818;0,008805638;0,26736207
01/05/2015;-0,099678457;-0,022163587;-0,055895865;-0,145728643;-0,145755103;-0,114790331;-0,109003891;-0,116510315;0,042134834;0,019039888;-0,235367372;0,00077632;-0,103705236;-0,099678457;0,029365079;0,043975374;0,022199578;0,009677419;-0,140718563;0,015319191;0,066077724;-0,116438703
01/06/2015;0,041964286;0,024824553;0,02919708;-0,192156863;0,06772212;-0,087780453;-0,003203874;-0,143126159;-0,110512081;0,055583126;-0,154723127;0,019084609;-0,026286184;0,041964286;0,050115652;0,135636057;0,007515596;0,045367476;-0,130081301;-0,008382271;0,111701562;-0,088371552
01/07/2015;-0,103684662;0,025276409;-0,173364854;-0,046116505;-0,091845219;-0,022963367;-0,03308046;-0,129103365;0,058787818;-0,036374875;-0,161849711;0,094244869;0,039455445;-0,103684662;-0,079295154;0,070969337;0,030467151;-0,058068517;-0,213618158;0,010143702;-0,015783247;-0,015306826
01/08/2015;0,030592734;-0,019517156;-0,12392755;-0,24173028;-0,191383183;0,002797929;-0,117354124;-0,204352679;-0,099599262;-0,095231267;-0,195402299;-0,032698009;-0,103440624;0,030592734;0,122009569;-0,083352574;-0,055712388;-0,081765088;-0,108658744;-0,038493724;-0,104757405;-0,139895988
01/09/2015;0,027829314;0,017286537;-0,21218716;0,124161074;-0,147504206;-0,074776786;-0,001503956;0,310523596;0,006993007;-0,066180309;0,12;0,015391241;-0,092102032;0,027829314;0,184790334;-0,01511335;-0,025345767;0,187279081;0,041904762;0,109660574;-0,077612033;0,054215355
01/10/2015;0,028880866;-0,016992791;0,064917127;-0,170149254;0,050657895;0,028950483;-0,001512445;0,044176038;0,056818182;0,005438428;0,107142857;-0,148604598;0,089446501;0,028880866;0,306538752;0,022762148;-0,043050411;-0,151785664;-0,007312614;0,109019647;-0,0679619;-0,04380907
01/11/2015;-0,002631579;-0,023572603;-0,005188067;-0,208633094;0,020037633;-0,228018712;0,04986785;0,257694329;0,130227001;-0,054057413;0,267281106;-0,084192965;-0,073842326;-0,002631579;0,203856648;-0,008502126;-0,018041126;-0,128421053;0,123388582;0,074964601;0,05555706;0,153387046
01/12/2015;-0,042216359;-0,042381923;-0,126466754;-0,295454545;-0,095150455;-0,01063022;-0,052534081;-0,051988287;0,000528541;-0,022858644;-0,272727273;0,006540716;-0,033783784;-0,042216359;0,053394434;-0,10517024;-0,011626798;-0,005636071;-0,237704918;-0,006907862;-0,016446721;-0,005181589
01/01/2016;-0,05785124;0,045378151;-0,27761194;-0,451612903;-0,060379919;-0,254029163;-0,052413897;-0,169676568;0,126254622;0,037432247;-0,1125;-0,129422414;-0,027692364;-0,05785124;-0,131064478;0,169109357;-0,061649044;-0,125506073;-0,225806452;-0,047366709;0,034113043;0,010417155
01/02/2016;0,132553606;-0,054662433;0,061983471;0,058823529;-0,022382671;0,215020576;0,018034283;0,144521901;0,060506614;0,014650915;0,464788732;0,065726768;0,098964419;0,132553606;0,0625;0,109209257;-0,015294653;0,055555556;-0,019444444;0,050069576;-0,146826098;-0,024055526
01/03/2016;0,320998279;0,065759641;0,616731518;101.111.111.111.111;0,460118168;0,282811177;0,228746387;0,269517906;0,060592611;0,155001412;0,371153846;-0,001750992;0,221727664;0,320998279;-0,081960784;0,134101282;-0,235039265;-0,044736842;0,852691218;-0,210264927;0,065196822;0,167253744
01/04/2016;0,119218241;0,03138298;0,231046931;0,38121547;0,118361204;0,299670033;0,053184796;0,149732551;0,100917431;-0,000960377;0,842917251;-0,041122587;-0,092350486;0,119218241;0,048697095;0,054810272;0,165113466;-0,169880624;0,194189602;-0,137526205;0,080424142;0,174962429
01/05/2016;-0,073341094;-0,014440331;-0,214076246;-0,332;-0,255088274;-0,27780603;-0,116212879;0,204700319;-0,030681818;0,006256751;-0,502283105;-0,071748027;-0,01109542;-0,073341094;-0,144602816;0,049055233;-0,177143841;0,10619469;-0,28681178;-0,086047691;-0,052042922;0,026957612
01/06/2016;0,130653266;-0,003139822;0,171641791;0,179640719;0,043108746;0,14416315;0,043024861;0,161696296;0,136381399;0,133494019;0,195718654;-0,011823889;0,050370042;0,130653266;-0,093333286;0,093522688;-0,045138262;0;0,057450628;-0,069148887;-0,045170383;0,604997399
01/07/2016;0,060555556;-0,01312336;0,260084926;0,903553299;0,225261874;0,137062077;0,115184387;0,114864488;0,059147146;0,150695858;0,415601023;0,203190733;0,118863636;0,060555556;-0,026260503;0,049730757;0,06763604;0,09;0,315789474;-0,152571429;0,111361314;0,373055216
01/08/2016;-0,061812467;0,020744788;0,082561078;-0,074666667;0,102612831;-0,08432427;0,060965535;0;-0,045779222;-0,059794264;-0,223125565;-0,008287311;-0,010968942;-0,061812467;0,300431483;-0,09957755;-0,024862443;0,146788991;0,171612903;-0,033715442;0,082511791;0,277933118
01/09/2016;-0,061418258;0,032829545;0,056031128;0,017291066;-0,0176648;0,051357612;-0,009205055;-0,009390909;0,027220212;-0,045260552;0,056976744;0,027298088;-0,03573625;-0,061418258;0,041476564;0,110589812;0,064966439;-0,0544;-0,024229075;-0,022330775;0,068358054;-0,145137469
01/10/2016;0,118381923;-0,049949546;0,30361098;0,277620397;0,284649223;0,239753017;0,189187683;0,01927189;0,11626366;0,103391562;0,181518152;-0,034707122;-0,016400447;0,118381923;0,125846232;0,069100785;-0,019023601;-0,178510998;0,243792325;0,224125625;-0,003393549;0,230528641
01/11/2016;-0,116489262;-0,089219331;-0,095534251;-0,079822616;-0,026971696;0,270833288;-0,077605469;0,023103172;-0,110979285;-0,167406031;0,15735568;-0,032771534;-0,022087484;-0,116489262;-0,027237354;-0,089895569;-0,144434419;0,005149331;0,229582577;-0,033819242;-0,115345127;0,082280233
01/12/2016;-0,006622576;-0,043731778;-0,070625;-0,012048193;-0,014385965;-0,084818214;-0,044322479;0,070701293;-0,039052004;0,030696718;-0,127111826;-0,065827723;-0,023914925;-0,006622576;0,245454545;-0,051170724;-0,037513499;0,168032787;-0,20295203;-0,034399517;-0,00449198;-0,110724168
01/01/2017;0,120606061;0,048780549;0,010087424;0,280487805;0,107511606;0,253115265;0,100147563;0,182465254;0,088919726;0,030638996;0,064516129;-0,078549244;0,058756712;0,120606061;-0,049926978;0,070436346;-0,026796645;0,043859649;0,12962963;0,125;0,026452852;-0,086802068
01/02/2017;0,028664143;0,037209242;0,010652463;-0,060952381;0,063966472;0,01678064;0,074919381;0,195319218;0,04880386;0,069934889;0,037229437;-0,086369773;-0,016284509;0,028664143;-0,006453565;-0,093129771;0,076343844;-0,016806723;0,06147541;-0,003888889;0,067246803;0,031682683
01/03/2017;0,014195636;0,022421525;-0,045454545;-0,099391481;0,020241753;-0,089547675;-0,053210024;-0,143248364;-0,008819981;0,088062484;-0,239565943;-0,049482965;0,018296667;0,014195636;-0,017940055;-0,012289562;-0,124027372;-0,127350427;-0,159073359;-0,030117178;0,024736822;-0,204279902
01/04/2017;-0,014515344;0,001096491;-0,035886818;-0,040540541;-0,027243174;-0,077878547;0,035881178;-0,185518519;-0,10187174;0,064029908;-0,149286498;0,03056203;0,011550824;-0,014515344;0,075275559;0,149650588;-0,006638923;0,005876592;-0,100091827;-0,116733704;0,017243698;0,056138357
01/05/2017;-0,031036297;0,024643976;-0,072297781;-0,068075117;-0,137290663;-0,010920969;-0,094497026;-0,030558333;-0,009224462;-0,019373115;-0,11483871;0,08871573;-0,010361641;-0,031036297;-0,029584008;0,067457376;-0,190557153;-0,214216164;-0,026530612;0,042317708;0,073446245;-0,238646036
01/06/2017;0,072204126;-0,021378943;-0,045524691;0,158690176;-0,054340191;0,067353699;0,033755231;0,146132224;0,091724138;0,038301902;0,04664723;-0,095106163;-0,040598227;0,072204126;0,032297011;-0,02625;-0,103510896;-0,190830235;0,077568134;-0,054965646;-0,068420981;-0,094544846
01/07/2017;0,037468354;0,045876627;0,074373484;0,123913043;0,0708956;0,07931031;0,015510163;0,059505149;0,059696747;0,07012603;0,061281337;-0,05816334;0,040311735;0,037468354;0,09093567;-0,015832264;0,139095273;0,179173047;0,036964981;0,042300066;0,070053028;0,084337059
01/08/2017;0,079551049;0,03707577;0,027088036;0,332688588;0,069686409;0,120766873;0,081189754;0,017222706;-0,041728675;0,04436782;0,140419948;0,151679369;0,045600536;0,079551049;0,021441972;0,005072464;0,184943617;0,125974026;0,11163227;0,136968928;0,080258353;0,305181958
01/09/2017;0,082730557;0,059415908;0,120879121;0,129172714;0,136807846;-0,091505154;0,074349442;-0,007188587;0,035147649;0,178429955;0,105868815;0,074082738;0,033374304;0,082730557;0,113356045;0,0814708;0,018509305;-0,019607843;-0,06835443;-0,002230954;0,045938304;0,121453731
01/10/2017;-0,002087724;-0,00665404;0,096078431;0,132390746;-0,013180601;0,007216724;-0,029989619;-0,07944374;-0,104567311;-0,043813886;-0,122788762;-0,031092579;0,000594393;-0,002087724;0,234032548;0,0428;-0,100196508;-0,112941176;-0,008152174;-0,124091622;-0,005607022;0,115889021
01/11/2017;-0,027615063;-0,01626799;-0,082886106;-0,028376844;-0,130952356;0,094704087;-0,018549368;0,038071163;0,097315507;-0,015951252;-0,126927639;-0,13039548;-0,05980198;-0,027615063;-0,132925876;0,125175809;-0,080240175;0,049071618;0,011872146;-0,001276324;0,075189991;-0,150565256
01/12/2017;-0,019793417;0,035019554;0,046814044;0,063084112;0,063147344;0,145702878;0,031744647;0,060880344;0,049847124;0,045974225;0,138586957;-0,048856601;0,024010088;-0,019793417;-0,055726936;0,043181875;0,100296795;0,240202276;0,11732852;0,277955272;0,053761364;0,032569794
01/01/2018;0,144863865;0,031484961;0,223602547;0,303296703;0,247014456;0,02955795;0,227335337;0,039410093;0,059714503;0,066781204;0,311455847;-0,034153007;0,107568883;0,144863865;0,152554261;-0,080283274;0,100323565;0,024464832;0,163166397;0,001;-0,017006125;0,051187829
01/02/2018;-0,017637998;0,002277859;0,089339995;0,038785835;0,053427394;0,086851578;-0,03597302;-0,023281648;0,034909317;-0,088220793;-0,076433121;-0,153606741;-0,059424255;-0,017637998;-0,06010931;-0,079237238;-0,028921618;-0,013930348;0,154166736;0,086913087;-0,012237586;0,218395506
01/03/2018;0,041764245;0,094090909;-0,00232987;-0,113636364;-0,018421053;-0,063041067;0,018459658;0,091491627;-0,070385176;-0,004923204;-0,133004926;-0,236965241;-0,004935834;0,041764245;0,033591754;-0,037818369;-0,081271988;-0,056508577;-0,067388744;-0,009650781;-0,03417427;-0,152201407
01/04/2018;-0,052079503;-0,030743664;0,072863101;-0,001831502;-0,105532491;0,153044282;-0,005846808;0,048250735;0,004571429;-0,050654426;-0,002272727;0,086289926;-0,025000059;-0,052079503;-0,048958292;-0,080481283;0,005494395;-0,064171123;0,074193548;0,027378192;0,022291531;-0,091901768
01/05/2018;-0,139525658;-0,156022246;-0,173704796;-0,243119266;-0,172479559;0,040271278;-0,157421924;-0,142857092;-0,25625711;-0,090158709;-0,123006834;-0,136290288;-0,074074055;-0,139525658;-0,005476451;-0,094649607;-0,006557323;0,020571429;-0,111111111;0,015808537;-0,033745836;-0,232830394
01/06/2018;-0,060633854;-0,086846161;-0,094309747;-0,112727273;-0,056634868;-0,0205412;-0,061423992;-0,050465278;-0,109368987;-0,010110185;0,020779221;-0,159663866;0,005274769;-0,060633854;0,118061581;0,066324073;-0,086358581;0,041433371;-0,060135135;0,078701645;-0,054132712;-0,166776073
01/07/2018;0,163325175;0,079532814;0,147178467;0,211748634;0,134380454;0,105868119;0,11551952;-0,008286222;0,073422023;0,051411983;0,167938931;0,258333333;-0,102317464;0,163325175;0,077817202;0,119879518;0,092715166;-0,030107527;0,199137311;-0,206512778;0,139076923;0,416728134
01/08/2018;-0,085330009;-0,028851108;-0,023326522;-0,090191657;-0,073846154;-0,022246554;-0,060666667;0,029498525;-0,024;-0,084195675;-0,043572985;-0,111258322;-0,025328811;-0,085330009;0,082251875;0,035502959;-0,187327824;0,042128603;-0,038369245;0,018181818;0,034035602;-0,083957916
01/09/2018;0,075367647;-0,027055703;0,095015576;0,030978934;-0,021594651;0,115628518;0,044002839;-0,070200573;-0,033196721;0,096179948;0,063781321;0,091405866;-0,02048973;0,075367647;-0,01300456;-0,059350649;-0,147118644;-0,00212766;0,071695756;0,011734694;0,031870482;-0,01959656
01/10/2018;0,134188077;-0,109051254;0,309625462;0,235576923;0,451612854;-0,051989318;0,116019782;0,317411402;0,18482412;0,212903356;0,024625268;-0,003186118;0,102551018;0,134188077;-0,10763171;-0,132679829;0,211446741;0,092750533;-0,054101277;0,055471508;-0,088607595;0,515154056
01/11/2018;0,062547096;0,035495716;-0,078204269;-0,090466926;0,043976632;-0,068947277;0,097056885;-0,001362573;0,010017853;0,039895528;-0,073145246;0,012328767;0,064553377;0,062547096;0,038926135;-0,010983763;0,12007874;0,148292683;-0,04797048;0,041567081;-0,01;0,039572434
01/12/2018;-0,049290849;-0,091016548;-0,109190853;-0,013903743;0,041676024;-0,034090891;-0,014436424;0,201051725;0,115834219;0,084398864;-0,003382187;-0,01082544;0,004781613;-0,049290849;-0,125507549;-0,080154515;0,054481547;-0,015293118;-0,042635659;-0,005504542;-0,015712626;-0,008185679
01/01/2019;0,173815747;0,138491547;0,127865961;0,063991323;0,115508685;-0,107843137;0,092394338;-0,031204242;0,376825365;0,073110995;0,153846154;0,073415458;0,053212178;0,173815747;0,10299698;0,084864392;0,1605555;0,301984469;0,056005398;-0,107933579;0,074116244;0,543541047
01/02/2019;0,041944774;-0,015990862;0,057857662;-0,01529052;-0,024296239;0,035164791;-0,091542009;0,039255106;-0,092690825;-0,048789295;0,282352941;-0,126168261;-0,039022346;0,041944774;0,040949179;0,055;-0,05744366;-0,110006627;-0,032587859;-0,01344364;-0,022292994;-0,011228836
01/03/2019;-0,020433119;-0,023215322;0,036954916;0,039337474;-0,037154092;0,081316394;-0,022707919;-0,014203341;0,0673444;0,012014029;0,24235474;0,101118133;0,015174161;-0,020433119;-0,064338233;-0,0016817;-0,020822752;0,185405808;0;-0,033018816;-0,022801303;-0,007842288
01/04/2019;0,072540538;0,097444979;-0,033855953;-0,140438247;0,019704413;-0,016296917;-0,017426605;0,129849085;0,119047619;0,070319579;-0,105230769;0,370860883;-0,019578947;0,072540538;-0,061296717;0,058805513;-0,079356894;0,241834171;-0,065389696;0,064498533;0,032222222;-0,10874937
01/05/2019;0,061538431;-0,049810506;-0,057543414;-0,049826188;0,043679509;-0,021956049;0,034584627;-0,099421696;-0,059361723;0,033361406;0,137551651;-0,107890438;0,031780094;0,061538431;-0,104646298;0,004049754;-0,162816901;0,105715781;-0,019787986;-0,035132283;0,025295963;0,052292033
01/06/2019;0,024336861;0,01937322;0,072798476;0,090243902;0,040308603;0,05755102;0,035999943;0,078857542;0,069215134;0,070844662;0,010277992;0,065703933;0,038709699;0,024336861;-0,181159425;0,096225872;0,041722746;-0,029277309;0,095890411;0,024274352;0,121259954;0,024412055
01/07/2019;0,126268023;0,125209621;-0,048522437;-0,021252796;-0,087504599;-0,038788093;-0,03971313;0,005369875;0,129680601;0,006361302;-0,010771874;0,131775068;0,047886175;0,126268023;-0,028261434;0,090801511;-0,01744186;0,173421356;-0,095394737;-0,005152035;0,115168487;0,117446096
01/08/2019;0,061863002;-0,070044713;-0,022239264;-0,097142857;-0,060544473;-0,085123488;-0,02527286;0,029078636;-0,031835224;0,06510746;-0,13127652;0,141574349;0,02619501;0,061863002;-0,170975377;0,108782201;-0,241288626;0,190361406;-0,064;-0,070429729;-0,055415617;0,166288254
01/09/2019;-0,026116027;0,028312021;0,080392118;-0,011392405;-0,016219722;0,04783849;0,032115499;-0,019753503;-0,040619013;-0,001582552;-0,078690808;0,001573204;0,023663146;-0,026116027;0,152374244;0,04096045;0,197573657;0,106275375;0,022533023;-0,002228468;0,076888889;-0,126035961
01/10/2019;0,108870041;-0,097142909;0,103085303;-0,070422535;0,058474387;-0,011518304;0,034256381;-0,007351092;0,101209702;0,00554783;-0,10808768;-0,070418925;-0,033855061;0,108870041;-0,148216451;0,148105566;-0,039073806;-0,137236958;0,020516717;-0,021217141;0,052414362;-0,014693096
01/11/2019;-0,013642001;0,03855006;-0,040802864;0,172176309;-0,007061287;0,058898283;-0,03947008;0,014815506;0,050897163;0,020689635;0,06440678;0,03069558;0,059721136;-0,013642001;0,010469278;0,027181818;0,009036145;0,006716119;0,265822785;0,026811122;0,192941176;-0,11923116
01/12/2019;-0,099538975;0,034349088;0,035334477;0,117508813;0,10478977;0,066426551;0,066091927;-0,007301796;0,055052245;0,084749036;0,123407643;-0,038251286;0,030755556;-0,099538975;0,066452304;-0,011948004;0,267164179;-0,094101159;0,176470588;0,096111111;0,139381986;0,085271227
01/01/2020;0,12171282;-0,043920728;-0,057322697;0,012618297;-0,081029894;-0,056848012;-0,115363834;-0,008674818;0,007265505;0,022423955;-0,085754784;-0,132102326;0,024318713;0,12171282;0,05695139;0,112683676;0,034746761;0,068992289;0,00249995;-0,080587988;0,137045586;0,037566191
01/02/2020;-0,004149398;-0,185434174;-0,109314618;-0,151609553;-0,03461063;-0,118559757;-0,024984765;-0,10519569;-0,036885246;-0,072236761;-0,133333333;-0,114893555;-0,101195455;-0,004149398;-0,147702065;-0,034777009;-0,164484917;-0,176939775;-0,15561093;-0,065049618;0,094899822;-0,119581894
01/03/2020;-0,252083292;-0,180192572;-0,447908445;-0,397796818;-0,404822911;-0,024599413;-0,2784375;-0,321837708;-0,334297855;-0,370356442;-0,375670841;-0,44193789;-0,073623078;-0,252083292;-0,359613252;-0,150542077;-0,369209809;-0,103964797;-0,406379209;-0,437499967;-0,222016259;-0,309006612
01/04/2020;0,070194871;-0,048657718;0,290207219;-0,024390244;0,021871675;0,037945395;-0,013858813;0,173597001;0,024801866;0,143921271;0,283667622;0,284956859;-0,076845277;0,070194871;0,22764229;0,028767696;-0,036717063;0,17207473;0,168159204;-0,093291405;0,189752726;0,016345305
01/05/2020;0,185580463;0,100529101;0,126869869;0,28125;0,082105263;0,181453384;0,011857751;0,202081188;0,355289354;0,004167752;0,151785714;0,192882939;0,032639582;0,185580463;0,312204414;0,044474186;0,221973094;-0,078439639;0,1439523;-0,173410405;0,047321058;0,153402021
01/06/2020;0,209440202;0,133012821;0,059488643;0,182113821;0,042477367;0,055094302;0,10460069;0,009187243;0,062223877;0,084306098;0,034883721;-0,080847345;0,018879933;0,209440202;-0,162941637;0,010782209;-0,010091743;-0,037323579;0,192107223;0,131468531;0,209897169;0,108330394
01/07/2020;0,15157014;-0,016973126;0,030162507;0,11829436;0,044479002;0,085658104;0,056581452;-0,063199382;0,054592668;-0,016028661;0,147003745;-0,026340499;0,096189946;0,15157014;-0,018087856;0,121858564;0,020389249;0,018439764;0,089943848;-0,059332509;0,330764605;0,191612871
01/08/2020;-0,073139976;-0,114388489;-0,013964053;0,248462485;-0,027695055;-0,016965887;-0,124209748;-0,127402617;-0,215283458;0,056892778;0,241632653;-0,053623234;-0,091358059;-0,073139976;-0,066227985;-0,131345729;-0,070844687;0,041782728;0,093982745;-0,035479632;-0,040534448;-0,038711452
01/09/2020;-0,0644558;0,018683997;-0,104157063;-0,01182266;-0,092802475;-0,009550922;-0,044585947;-0,018277273;-0,019895309;-0,087876672;0,084812623;-0,061766258;-0,092391346;-0,0644558;-0,023485203;0,086270922;-0,157380254;-0,078877046;0,089575642;-0,14986376;0,016712998;-0,146155964
01/10/2020;-0,071986896;-0,028708134;-0,03416624;0,086739781;0,006076907;0,024361326;0,043555556;-0,08409997;-0,091880322;-0,055485521;0,244848545;-0,087051038;0,001151612;-0,071986896;0,098605046;0,027327028;-0,153132251;-0,05902269;0,048557695;-0,033653846;0,154185776;0,024406299
01/11/2020;0,099510325;0,147783251;0,314677861;0,252293578;0,136241682;0,288191598;0,216354302;0,041586351;0,048000024;0,193057378;0,144595855;0,312872449;0;0,099510325;-0,010507881;0,074397385;0,323287671;0,190231301;0,036221964;0,343283582;-0,029803533;0
01/12/2020;0,104222321;0,119456366;0,13815261;0,07032967;0,145894798;0,121153808;0,107493001;0,103633917;-0,002245218;-0,025514749;0,354742663;0,000453926;0;0,104222321;0,042920354;-0,031334584;-0,027950311;0,022030238;0,081858451;0,092592593;0,029495691;0,180618132
